{"version":1,"hash":{"type":"Buffer","data":"wN/Gv7aWUoQ6MpmiJpdElJadwJFkLJwbVm6SIxAdBpzXejpM6DE9a/J6X2B4qVVSo5EmWKnZ4azAArGXT6Y2XiyD48wJWm+F/CphuQv/KkiW+ukiQbprpvpzkf1ypk3R0O6rVTOP4mn+PyLjPJhfBIjQqTfQVrXDPBjZNW5Ot9o="},"indexValueMap":{"J0qGF1RgqGULcoMRmMIDfnQEt6v3r2c/xSDxsolu7zY=":{"valueMac":{"type":"Buffer","data":"aPd4XQbuvJoUUJQfx37TpzNvA4fVMOVBkauYYNHUPZ4="}},"eRIQHY+Cxz5aNYgsCa/kId/yI+XY+lpy9TVLzR5KKEA=":{"valueMac":{"type":"Buffer","data":"gaHkdHYvU0ItdQ+KfCMqLn9ImDzppdHtixpm/51dRGM="}}}}