{"noiseKey":{"private":{"type":"Buffer","data":"CANkxXWcNLPzk7oW+CUoHavWkxrB1h5+MSuAkSmQJ1I="},"public":{"type":"Buffer","data":"9StcoaGeyLOYKmpzvm8SP1K+FT9PfFvKDwMkrk/rhSA="}},"pairingEphemeralKeyPair":{"private":{"type":"Buffer","data":"IL3L3rg6GQCmcPekeSipMKtmgglcgl7KVOEBakV/mGQ="},"public":{"type":"Buffer","data":"njLjiGFVazmr485pqiMJkzN5LbiqUOTI0rclJ/0OBSE="}},"signedIdentityKey":{"private":{"type":"Buffer","data":"ULM3UsZers/0d2rtEK2i1Oy1RJbpyeIoSQXxcruRHWU="},"public":{"type":"Buffer","data":"a1IpGeS9Q5zzPxEq/6dq4ccNcnQqqg+Hz0IAWWZw304="}},"signedPreKey":{"keyPair":{"private":{"type":"Buffer","data":"CGnBZKDoUITdF7mG/J1UtbQ1j0z7tpWFwkxGGw+jDmo="},"public":{"type":"Buffer","data":"2rSsKA1n7bKG0dfYXV/U4SFsOkzZ0pb3zF8lQfZ7fUQ="}},"signature":{"type":"Buffer","data":"vDRowAxLjXo/a3l22KUYRopwp2rxLIhZtc1N7hw3sJN34DcU25o38nZp0BnDDhudLFS8fxTkz2DT8erZugjDhQ=="},"keyId":1},"registrationId":138,"advSecretKey":"0yl+1mcqZBKP8McezQnvmArKru1fFB1IOdaENSyxXEg=","processedHistoryMessages":[{"key":{"remoteJid":"918371043658@s.whatsapp.net","fromMe":true,"id":"DCF7EDC57A8CB23BA21ACDBCCED46026"},"messageTimestamp":1736623923},{"key":{"remoteJid":"918371043658@s.whatsapp.net","fromMe":true,"id":"420F1F7C9928BB4F07165C75AF87EA59"},"messageTimestamp":1736623923},{"key":{"remoteJid":"918371043658@s.whatsapp.net","fromMe":true,"id":"E692C8BB2E0AF60938D09AA919F47539"},"messageTimestamp":1736623925},{"key":{"remoteJid":"918371043658@s.whatsapp.net","fromMe":true,"id":"880CA5F5055C02AEEBB1C9F830FAED8E"},"messageTimestamp":1736623925}],"nextPreKeyId":31,"firstUnuploadedPreKeyId":31,"accountSyncCounter":1,"accountSettings":{"unarchiveChats":false},"deviceId":"3AtTwektQ2WjWs4ILHoLag","phoneId":"eea359ca-82c9-45fd-b713-d3357d414096","identityId":{"type":"Buffer","data":"HYw3EM4+mlB3gjjepYx3ZlPahOA="},"registered":false,"backupToken":{"type":"Buffer","data":"W+vQfMAGc/WU1Gxkw/GNTYLeBvo="},"registration":{},"account":{"details":"CK2j59YGEKyOi7wGGAEgACgA","accountSignatureKey":"jGEGiBqkbQuUeaAIpZeyBjIGawG/L+Xj33LDA7+EJR0=","accountSignature":"X902PWn2OXAPhbUbPQjKMJTiJaaxpdR5WxOsdQEJdpgLFJ7OyLrtC2zEBKSObNDQ4RbzwDdyqEQ0sXqMRMOkCg==","deviceSignature":"KkvFFIzUbWrA6h6pGE7nRRv4Fp1Z68ooEx+pi1xOolnSVFv7LCFT23GzJSBc+cGRjJMG3BUSbpg91gCKLlheiA=="},"me":{"id":"918371043658:12@s.whatsapp.net","lid":"160704975892564:12@lid","name":"Chiran"},"signalIdentities":[{"identifier":{"name":"918371043658:12@s.whatsapp.net","deviceId":0},"identifierKey":{"type":"Buffer","data":"BYxhBogapG0LlHmgCKWXsgYyBmsBvy/l499ywwO/hCUd"}}],"platform":"android","routingInfo":{"type":"Buffer","data":"CBIIDQ=="},"lastAccountSyncTimestamp":1736623920,"lastPropHash":"3D7URO","myAppStateKeyId":"AAAAAEsR"}