{"_sessions":{"BRA0vf4PHDsOoSF8lnptDqnftFmsI6RvYeUPCsDYVcgL":{"registrationId":834393014,"currentRatchet":{"ephemeralKeyPair":{"pubKey":"Bc09TKmJPU4iZbziSdaECWL/h53VVeHpVuT1RMSEawN+","privKey":"yLkxNyfvr1BBEsCtGJ6Sni2mN8xD00yV/rJlh0OJRUk="},"lastRemoteEphemeralKey":"BTfpm0RzstXjCnqdMlhYCrW+p33bBbe0ceX1IRwfEPJw","previousCounter":0,"rootKey":"vTaIaMVJzLLO26FImAnHmsfohrU+Cuo7QhV1KXWdb9w="},"indexInfo":{"baseKey":"BRA0vf4PHDsOoSF8lnptDqnftFmsI6RvYeUPCsDYVcgL","baseKeyType":1,"closed":1736623922897,"used":1736623921489,"created":1736623921489,"remoteIdentityKey":"BYxhBogapG0LlHmgCKWXsgYyBmsBvy/l499ywwO/hCUd"},"_chains":{"Bc09TKmJPU4iZbziSdaECWL/h53VVeHpVuT1RMSEawN+":{"chainKey":{"counter":1,"key":"a7t2ewHgI/b7sa6XtTjtOmrc/x9Gh0bDQue2xys9Qbs="},"chainType":1,"messageKeys":{}}},"pendingPreKey":{"signedKeyId":0,"baseKey":"BRA0vf4PHDsOoSF8lnptDqnftFmsI6RvYeUPCsDYVcgL","preKeyId":16512021}},"BVkHJvOaSE5yB95SAnyRma3cQdXOolyYXSK9/8ZeZXdK":{"registrationId":834393014,"currentRatchet":{"ephemeralKeyPair":{"pubKey":"BS3CLk6kiQUTuZw5lFxqqh06Y9KHhj8C1NWlIqiff1hD","privKey":"ILYDdIeVYfQRsgeKj4j4LDVs/7e5RGao+bUCjIkNd1w="},"lastRemoteEphemeralKey":"BQ7TE9yJZKKGsrVEcDLIDgMDHCooCjp0X4WzIyOVHChJ","previousCounter":0,"rootKey":"QI52uL/Fq0o351YcHb5acjPuf19J3ZDrKiI6+rhqSDA="},"indexInfo":{"baseKey":"BVkHJvOaSE5yB95SAnyRma3cQdXOolyYXSK9/8ZeZXdK","baseKeyType":2,"closed":-1,"used":1736623922898,"created":1736623922898,"remoteIdentityKey":"BYxhBogapG0LlHmgCKWXsgYyBmsBvy/l499ywwO/hCUd"},"_chains":{"BQ7TE9yJZKKGsrVEcDLIDgMDHCooCjp0X4WzIyOVHChJ":{"chainKey":{"counter":7,"key":"w27Zosd83ESa7ZAlMJuXqel9TX0X55FA1o0JEOuAaMo="},"chainType":2,"messageKeys":{}},"BS3CLk6kiQUTuZw5lFxqqh06Y9KHhj8C1NWlIqiff1hD":{"chainKey":{"counter":-1,"key":"ZXseYeiV6/rAF3rfVg1jvE9DNJMyFublUQUmiqoBHK8="},"chainType":1,"messageKeys":{}}}}},"version":"v1"}